Mature Market ERP +,0.0411,"Updated July 1, 2024",,,,
Changing this number will update all your country equity risk premiums.,,,,,,
,,,,,,
Country,Moody's rating,Adj. Default Spread,Equity Risk Premium,Country Risk Premium,Corporate Tax Rate,GDP (in $ millions)
Abu Dhabi,Aa2,0.00464452950657079,=$B$1+E5,0.006028815998902777,0.15,299500
Albania,B1,0.04235368573849078,=$B$1+E6,0.05497706018047056,0.15,18916.37886054883
Algeria,NR,0.028309513182907673,=$B$1+E7,0.036747068945693115,0.26,194998.44976908513
Andorra (Principality of),Baa1,0.015039428878419702,=$B$1+E8,0.019521880377399468,0.1898,3330
Angola,B3,0.061152971836515406,=$B$1+E9,0.0793794106522199,0.25,106782.77071461857
Anguilla,NR,0.1054310997313879,=$B$1+E10,0.1875348819700155,0.2724561140242252,NA
Antigua & Barbuda,NR,0.1054310997313879,=$B$1+E11,0.1875348819700155,0.2724561140242252,NA
Argentina,Ca,0.11290630062401852,=$B$1+E12,0.14655764606856517,0.35,631133.3844399444
Armenia,Ba3,0.03383871497644433,=$B$1+E13,0.0439242308491488,0.18,19513.474648242936
Aruba,Baa3,0.020679214707827093,=$B$1+E14,0.026842585518924274,0.25,3544.7077880566426
Australia,Aaa,0,=$B$1+E15,0,0.3,1692956.6468557017
Austria,Aa1,0.0037598572196049255,=$B$1+E16,0.004880470094349867,0.24,470941.92675074114
Azerbaijan,Ba1,0.023554399640466156,=$B$1+E17,0.030574709708721233,0.2,78721.0588235294
Bahamas,B1,0.04235368573849078,=$B$1+E18,0.05497706018047056,0,11210
Bahrain,B2,0.0517533287875031,=$B$1+E19,0.06717823541634524,0,44383.29787234042
Bangladesh,B1,0.04235368573849078,=$B$1+E20,0.05497706018047056,0.3,460201.2655279773
Barbados,B3,0.061152971836515406,=$B$1+E21,0.0793794106522199,0.055,5699.95
Belarus,C,0.175,=$B$1+E22,0.22715816495844784,0.18,72793.45758843666
Belgium,Aa3,0.005639785829407389,=$B$1+E23,0.007320705141524802,0.25,583435.5955799634
Belize,Caa2,0.08470737147698156,=$B$1+E24,0.10995412036094113,0.2853,2830.507575684095
Benin,B1,0.04235368573849078,=$B$1+E25,0.05497706018047056,0.3,17396.7926995489
Bermuda,A2,0.007962050582692785,=$B$1+E26,0.01033511314097619,0,7546
Bolivia,Caa3,0.09410701452599389,=$B$1+E27,0.12215529559681582,0.25,44008.28287796064
Bosnia and Herzegovina,B3,0.061152971836515406,=$B$1+E28,0.0793794106522199,0.1,24473.906673708643
Botswana,A3,0.011279571658814777,=$B$1+E29,0.014641410283049603,0.22,20355.54196285122
Brazil,Ba2,0.028309513182907677,=$B$1+E30,0.03674706894569312,0.34,1920095.7790227288
British Virgin Islands,Ba2,0.032779436317051,=$B$1+E31,0.0440044129483385,0.34,NA
Brunei,NR,0.00563978582940739,=$B$1+E32,0.0073207051415248026,0.185,14010
Bulgaria,Baa1,0.015039428878419702,=$B$1+E33,0.019521880377399468,0.1,90346.16991493486
Burkina Faso,Caa1,0.07055261488552772,=$B$1+E34,0.09158058588809456,0.28,18820.06479783791
Cambodia,B2,0.0517533287875031,=$B$1+E35,0.06717823541634524,0.2,29504.829319316876
Cameroon,Caa1,0.07055261488552772,=$B$1+E36,0.09158058588809456,0.33,43644.06831085101
Canada,Aaa,0,=$B$1+E37,0,0.265,2137939.2200749093
Cape Verde,B3,0.061152971836515406,=$B$1+E38,0.0793794106522199,0,1936
Cayman Islands,Aa3,0.005639785829407389,=$B$1+E39,0.007320705141524802,0,6844.827379309517
Channel Islands,NR,0.009588220147283357,=$B$1+E40,0.058871606293643367,0.24707349543413576,NA
Chile,A2,0.007962050582692785,=$B$1+E41,0.01033511314097619,0.27,301024.7249119234
China,A1,0.006635042152243987,=$B$1+E42,0.008612594284146825,0.25,17963171.47920533
Colombia,Baa2,0.017914613811058765,=$B$1+E43,0.02325400456719643,0.35,343622.11456040916
Congo (Democratic Republic of),B3,0.061152971836515406,=$B$1+E44,0.0793794106522199,0.3,64718.64122121604
Congo (Republic of),Caa2,0.08470737147698156,=$B$1+E45,0.10995412036094113,0.28,14616
Cook Islands,B1,0.04235368573849078,=$B$1+E46,0.05497706018047056,0.2974,1414
Costa Rica,B1,0.04235368573849078,=$B$1+E47,0.05497706018047056,0.3,69243.62602866962
Croatia,Baa2,0.017914613811058765,=$B$1+E48,0.02325400456719643,0.18,71600.04965019498
Cuba,Ca,0.11290630062401852,=$B$1+E49,0.14655764606856517,0.2853,633442.3
Cura√ßao,Baa2,0.020743237044383835,=$B$1+E50,0.027846542568870453,0.22,NA
Cyprus,Baa2,0.017914613811058765,=$B$1+E51,0.02325400456719643,0.125,29250.52441808547
Czech Republic,Aa3,0.005639785829407389,=$B$1+E52,0.007320705141524802,0.19,290527.55062722095
Denmark,Aaa,0,=$B$1+E53,0,0.22,400167.1969487074
Dominican Republic,Ba3,0.03383871497644433,=$B$1+E54,0.0439242308491488,0.27,113537.3681761303
Ecuador,Caa3,0.09410701452599389,=$B$1+E55,0.12215529559681582,0.25,115049.476
Egypt,Caa1,0.07055261488552772,=$B$1+E56,0.09158058588809456,0.225,476747.72036474163
El Salvador,Caa1,0.07055261488552772,=$B$1+E57,0.09158058588809456,0.3,32488.72
Estonia,A1,0.006635042152243987,=$B$1+E58,0.008612594284146825,0.2,38100.8129585196
Ethiopia,Caa2,0.08470737147698156,=$B$1+E59,0.10995412036094113,0.3,126783.4715976715
Falkland Islands,NR,0.0429,=$B$1+E60,0.1036,0.316,NA
Fiji,B1,0.04235368573849078,=$B$1+E61,0.05497706018047056,0.2,4979.9795460123
Finland,Aa1,0.0037598572196049255,=$B$1+E62,0.004880470094349867,0.2,282896.2513910517
France,Aa2,0.00464452950657079,=$B$1+E63,0.006028815998902777,0.25,2779092.236505847
French Guiana,NR,0.0429,=$B$1+E64,0.1036,0.316,NA
Gabon,Caa2,0.08470737147698156,=$B$1+E65,0.10995412036094113,0.3,21071.73922489183
Gambia,NR,0.04235368573849078,=$B$1+E66,0.05497706018047056,0.31,2038
Georgia,Ba2,0.028309513182907677,=$B$1+E67,0.03674706894569312,0.15,24780.79106371305
Germany,Aaa,0,=$B$1+E68,0,0.3,4082469.4907976813
Ghana,Caa3,0.09410701452599389,=$B$1+E69,0.12215529559681582,0.25,73766.05245152555
Gibraltar,NR,0.009588220147283357,=$B$1+E70,0.058871606293643367,0.24707349543413576,NA
Greece,Ba1,0.023554399640466156,=$B$1+E71,0.030574709708721233,0.22,217581.32451205922
Greenland,NR,0,=$B$1+E72,0,0,NA
Guatemala,Ba1,0.023554399640466156,=$B$1+E73,0.030574709708721233,0.25,95003.33031587544
Guernsey (States of),A1,0.006635042152243987,=$B$1+E74,0.008612594284146825,0,3446
Guinea,NR,0.08470737147698154,=$B$1+E75,0.10995412036094111,0.2915,20999.229260495544
Guinea-Bissau,NR,0.061152971836515406,=$B$1+E76,0.0793794106522199,0.2915,1633.559092088606
Guyana,NR,0.015039428878419699,=$B$1+E77,0.019521880377399464,0.1864,14718.388489208633
Haiti,NR,0.1129063006240185,=$B$1+E78,0.14655764606856514,0.1864,20253.551884605487
Honduras,B1,0.04235368573849078,=$B$1+E79,0.05497706018047056,0.25,31717.6997643621
Hong Kong,Aa3,0.005639785829407389,=$B$1+E80,0.007320705141524802,0.165,359838.58349006315
Hungary,Baa2,0.017914613811058765,=$B$1+E81,0.02325400456719643,0.09,177337.436677365
Iceland,A2,0.007962050582692785,=$B$1+E82,0.01033511314097619,0.2,28064.52985130985
India,Baa3,0.020679214707827093,=$B$1+E83,0.026842585518924274,0.3,3416645.826052874
Indonesia,Baa2,0.017914613811058765,=$B$1+E84,0.02325400456719643,0.22,1319100.2204077167
Iran,NR,0.061152971836515406,=$B$1+E85,0.0793794106522199,0.2023,413493.2073492653
Iraq,Caa1,0.07055261488552772,=$B$1+E86,0.09158058588809456,0.15,264182.17379310343
Ireland,Aa3,0.005639785829407389,=$B$1+E87,0.007320705141524802,0.125,533140.0118382764
Isle of Man,Aa3,0.005639785829407389,=$B$1+E88,0.007320705141524802,0,6684.229268505448
Israel,A2,0.007962050582692785,=$B$1+E89,0.01033511314097619,0.23,525002.4476527735
Italy,Baa3,0.020679214707827093,=$B$1+E90,0.026842585518924274,0.24,2049737.1654079845
Ivory Coast,Ba2,0.028309513182907677,=$B$1+E91,0.03674706894569312,0.25,NA
Jamaica,B1,0.04235368573849078,=$B$1+E92,0.05497706018047056,0.25,17097.760723920146
Japan,A1,0.006635042152243987,=$B$1+E93,0.008612594284146825,0.3062,4232173.916086674
Jersey (States of),Aa3,0.005639785829407389,=$B$1+E94,0.007320705141524802,0,4890
Jordan,Ba3,0.03383871497644433,=$B$1+E95,0.0439242308491488,0.2,48653.38178063972
Kazakhstan,Baa2,0.017914613811058765,=$B$1+E96,0.02325400456719643,0.2,225496.3289254941
Kenya,B3,0.061152971836515406,=$B$1+E97,0.0793794106522199,0.3,113420.00817879318
"Korea, D.P.R.",NR,0.17499999999999996,=$B$1+E98,0.22715816495844782,0.231,28500
Kuwait,A1,0.006635042152243987,=$B$1+E99,0.008612594284146825,0.15,175363.26530612243
Kyrgyzstan,B3,0.061152971836515406,=$B$1+E100,0.0793794106522199,0.1,11543.966558842048
Laos,Caa3,0.09410701452599389,=$B$1+E101,0.12215529559681582,0.2686,15468.785203753174
Latvia,A3,0.011279571658814777,=$B$1+E102,0.014641410283049603,0.2,40932.03004956436
Lebanon,C,0.175,=$B$1+E103,0.22715816495844784,0.17,23131.941556784346
Liberia,NR,0.0705526148855277,=$B$1+E104,0.09158058588809455,0.2915,4001.04697
Libya,NR,0.015039428878419699,=$B$1+E105,0.019521880377399464,0.2,45752.33603598456
Liechtenstein,Aaa,0,=$B$1+E106,0,0.125,7710.380085922573
Lithuania,A2,0.007962050582692785,=$B$1+E107,0.01033511314097619,0.15,70974.49045049444
Luxembourg,Aaa,0,=$B$1+E108,0,0.2494,81641.80786575908
Macau,Aa3,0.005639785829407389,=$B$1+E109,0.007320705141524802,0.2686,NA
Macedonia,Ba3,0.03383871497644433,=$B$1+E110,0.0439242308491488,0.1,13563.132102166315
Madagascar,NR,0.061152971836515406,=$B$1+E111,0.0793794106522199,0.2,15297.192798977121
Malawi,NR,0.1129063006240185,=$B$1+E112,0.14655764606856514,0.3,13164.6676269363
Malaysia,A3,0.011279571658814777,=$B$1+E113,0.014641410283049603,0.24,407027.451714616
Maldives,Caa1,0.07055261488552772,=$B$1+E114,0.09158058588809456,0.2686,6170.6387469650035
Mali,Caa2,0.08470737147698156,=$B$1+E115,0.10995412036094113,0.2686,18827.176529698252
Malta,A2,0.007962050582692785,=$B$1+E116,0.01033511314097619,0.35,18125.564514266385
Martinique,NR,0,=$B$1+E117,0,0,NA
Mauritius,Baa3,0.020679214707827093,=$B$1+E118,0.026842585518924274,0.15,12948.726653810985
Mexico,Baa2,0.017914613811058765,=$B$1+E119,0.02325400456719643,0.3,1465854.0892864685
Monaco,NR,0,=$B$1+E120,0,0.24707349543413576,NA
Moldova,B3,0.061152971836515406,=$B$1+E121,0.0793794106522199,0.12,14508.333280423281
Mongolia,B3,0.061152971836515406,=$B$1+E122,0.0793794106522199,0.25,17146.471626396327
Montenegro,B1,0.04235368573849078,=$B$1+E123,0.05497706018047056,0.15,6229.8015807915735
Montserrat,Baa3,0.020679214707827093,=$B$1+E124,0.026842585518924274,0.2853,16199
Morocco,Ba1,0.023554399640466156,=$B$1+E125,0.030574709708721233,0.32,130912.55882983979
Mozambique,Caa2,0.08470737147698156,=$B$1+E126,0.10995412036094113,0.32,18406.835954669532
Myanmar,NR,0.08470737147698154,=$B$1+E127,0.10995412036094111,0.25,62263.46626373751
Namibia,B1,0.04235368573849078,=$B$1+E128,0.05497706018047056,0.32,12914.932655685012
Netherlands,Aaa,0,=$B$1+E129,0,0.258,1009398.7190330778
Netherlands Antilles,#N/A,#N/A,=$B$1+E130,#N/A,#N/A,NA
New Zealand,Aaa,0,=$B$1+E131,0,0.28,248101.70554139902
Nicaragua,B2,0.0517533287875031,=$B$1+E132,0.06717823541634524,0.3,15671.583939988886
Niger,Caa3,0.09410701452599389,=$B$1+E133,0.12215529559681582,0.2686,15342.278919400891
Nigeria,Caa1,0.07055261488552772,=$B$1+E134,0.09158058588809456,0.3,472624.5974028978
Norway,Aaa,0,=$B$1+E135,0,0.22,579422.4495102711
Oman,Ba1,0.023554399640466156,=$B$1+E136,0.030574709708721233,0.15,114667.36020806243
Pakistan,Caa3,0.09410701452599389,=$B$1+E137,0.12215529559681582,0.29,374697.366359244
Palestinian Authority,NR,0.016082653627874467,=$B$1+E138,0.06758999089248985,0.18760152153615242,NA
Panama,Baa3,0.020679214707827093,=$B$1+E139,0.026842585518924274,0.25,76522.5118
Papua New Guinea,B2,0.0517533287875031,=$B$1+E140,0.06717823541634524,0.3,31603.619041790265
Paraguay,Ba1,0.023554399640466156,=$B$1+E141,0.030574709708721233,0.1,41722.295229227944
Peru,Baa1,0.015039428878419702,=$B$1+E142,0.019521880377399468,0.295,242631.57332078982
Philippines,Baa2,0.017914613811058765,=$B$1+E143,0.02325400456719643,0.25,404284.3261104627
Poland,A2,0.007962050582692785,=$B$1+E144,0.01033511314097619,0.19,688125.0105205204
Portugal,A3,0.011279571658814777,=$B$1+E145,0.014641410283049603,0.21,255196.66098742705
Qatar,Aa2,0.00464452950657079,=$B$1+E146,0.006028815998902777,0.1,236258.30283965328
Ras Al Khaimah (Emirate of),A3,0.011279571658814777,=$B$1+E147,0.014641410283049603,0,11000
Reunion,NR,0.012518555898193178,=$B$1+E148,0.06280540500857855,0.2576437502455447,NA
Romania,Baa3,0.020679214707827093,=$B$1+E149,0.026842585518924274,0.16,300691.3548648547
Russia,NR,0.028309513182907673,=$B$1+E150,0.036747068945693115,0.2,2240422.427458579
Rwanda,B2,0.0517533287875031,=$B$1+E151,0.06717823541634524,0.3,13311.487445068627
Saint Lucia,NR,0.1054310997313879,=$B$1+E152,0.1875348819700155,0.2724561140242252,NA
Saudi Arabia,A1,0.006635042152243987,=$B$1+E153,0.008612594284146825,0.2,1108571.5172853814
Senegal,Ba3,0.03383871497644433,=$B$1+E154,0.0439242308491488,0.3,27684.264748232432
Serbia,Ba2,0.028309513182907677,=$B$1+E155,0.03674706894569312,0.15,63563.401043504426
Sharjah,Ba1,0.023554399640466156,=$B$1+E156,0.030574709708721233,0,24800
Sierra Leone,NR,0.08470737147698154,=$B$1+E157,0.10995412036094111,0.3,4094.5638594355637
Singapore,Aaa,0,=$B$1+E158,0,0.17,466788.4267919664
Slovakia,A2,0.007962050582692785,=$B$1+E159,0.01033511314097619,0.21,115461.71168896543
Slovenia,A3,0.011279571658814777,=$B$1+E160,0.014641410283049603,0.19,60063.47546634459
Solomon Islands,Caa1,0.07055261488552772,=$B$1+E161,0.09158058588809456,0.3,1597.2043406290234
Somalia,NR,0.1129063006240185,=$B$1+E162,0.14655764606856514,0.2915,10419.541202038166
South Africa,Ba2,0.028309513182907677,=$B$1+E163,0.03674706894569312,0.27,405270.8500993871
South Korea,Aa2,0.00464452950657079,=$B$1+E164,0.006028815998902777,0.25,1673916.46902656
Spain,Baa1,0.015039428878419702,=$B$1+E165,0.019521880377399468,0.25,1417800.4662626514
Sri Lanka,Ca,0.11290630062401852,=$B$1+E166,0.14655764606856517,0.24,74403.57836343547
St. Maarten,Ba2,0.028309513182907677,=$B$1+E167,0.03674706894569312,0.2853,11900
St. Vincent & the Grenadines,B3,0.061152971836515406,=$B$1+E168,0.0793794106522199,0.2853,8100
Sudan,NR,0.17499999999999996,=$B$1+E169,0.22715816495844782,0.35,51662.24177506288
Suriname,Caa3,0.09410701452599389,=$B$1+E170,0.12215529559681582,0.36,3620.987993326366
Swaziland,B3,0.061152971836515406,=$B$1+E171,0.0793794106522199,0.275,4790.922065610098
Sweden,Aaa,0,=$B$1+E172,0,0.20600000000000002,591188.5947765514
Switzerland,Aaa,0,=$B$1+E173,0,0.146,818426.5502064498
Syria,NR,0.17499999999999996,=$B$1+E174,0.22715816495844782,0.28,8969.512933388261
Taiwan,Aa3,0.005639785829407389,=$B$1+E175,0.007320705141524802,0.2,761690
Tajikistan,B3,0.061152971836515406,=$B$1+E176,0.0793794106522199,0.18,10492.12338779312
Tanzania,B1,0.04235368573849078,=$B$1+E177,0.05497706018047056,0.3,75732.31166603902
Thailand,Baa1,0.015039428878419702,=$B$1+E178,0.019521880377399468,0.2,495423.3430496215
Togo,B3,0.061152971836515406,=$B$1+E179,0.0793794106522199,0.2686,8341.225241456936
Trinidad & Tobago,Ba2,0.032779436317051,=$B$1+E180,0.0440044129483385,0.3,30053.575132141956
Tunisia,Caa2,0.08470737147698156,=$B$1+E181,0.10995412036094113,0.15,46303.55244935424
Turkey,B3,0.061152971836515406,=$B$1+E182,0.0793794106522199,0.25,907118.4359526879
Turks & Caicos Islands,Baa1,0.01741407554343334,=$B$1+E183,0.02337734437880483,0,1138.8088811
Uganda,B3,0.061152971836515406,=$B$1+E184,0.0793794106522199,0.3,45567.30460847645
Ukraine,Ca,0.11290630062401852,=$B$1+E185,0.14655764606856517,0.18,160502.73725104667
United Arab Emirates,Aa2,0.00464452950657079,=$B$1+E186,0.006028815998902777,0.25,507063.9682733125
United Kingdom,Aa3,0.005639785829407389,=$B$1+E187,0.007320705141524802,0.25,3089072.722400136
United States,Aaa,0,=$B$1+E188,0,0.25,25439700
Uruguay,Baa1,0.015039428878419702,=$B$1+E189,0.019521880377399468,0.25,71177.14619749512
Uzbekistan,Ba3,0.03383871497644433,=$B$1+E190,0.0439242308491488,0.15,80391.8538874049
Venezuela,C,0.175,=$B$1+E191,0.22715816495844784,0.34,98400
Vietnam,Ba2,0.028309513182907677,=$B$1+E192,0.03674706894569312,0.2,408802
Yemen,NR,0.1129063006240185,=$B$1+E193,0.14655764606856514,0.2,21610
Zambia,Caa2,0.08470737147698156,=$B$1+E194,0.10995412036094113,0.35,29163.78213834149
Zimbabwe,NR,0.08470737147698154,=$B$1+E195,0.10995412036094111,0.25,27366.627153085246
,,,,,,
,,,,,,
,,,,,,
,,,,,,
Region,ERP,Default Spread,Tax Rate,CRP,Total GDP (in $ millions),
Africa,=$B$1+E201,0.05834716553752646,0.274219145008639,0.07573734316589315,2508220.6789325164,
Asia,=$B$1+E202,0.010802216663582305,0.2574084360751292,0.014021781227330991,32948678.067337982,
Australia & New Zealand,=$B$1+E203,0.000030266287074794293,0.29743620926523207,0.000039287052754376346,1942472.3523971008,
Caribbean,=$B$1+E204,0.05711650444544706,0.25228018689443577,0.0741398876495359,869389.478915383,
Central and South America,=$B$1+E205,0.03596122460619485,0.3155395256169791,0.046679347378296036,5601817.833264855,
Eastern Europe & Russia,=$B$1+E206,0.025972276238780637,0.18308310877509817,0.03371322634397318,5010073.2660032045,
Middle East,=$B$1+E207,0.014034485918845662,0.18937682936327277,0.01821741752834375,3382577.6565681733,
North America,=$B$1+E208,0,0.25108814145744907,0,27577639.22007491,
Western Europe,=$B$1+E209,0.008683226144580272,0.24775219614916172,0.01127123266812613,20250228.834865417,
Global,=$B$1+E210,0.010700411728220074,0.2524583457539919,0.013889633671327575,100091097.38835955,